Date,Actual,Zero,Training mean,Persistence,Linear Regression,Random Forest
2022-01-14,0.0158601975283533,0.0,5.019053711544591e-05,0.0592237900299039,0.012457540042991348,0.011614368941422266
2022-01-21,0.0290479255752156,0.0,5.019053711544591e-05,0.0158601975283533,-0.010111625100629042,-0.005746882449915031
2022-01-28,0.05113929598997,0.0,5.019053711544591e-05,0.0290479255752156,0.0064197465774700315,0.022211833435300973
2022-02-04,0.0089551226925568,0.0,5.019053711544591e-05,0.05113929598997,0.017570276665363694,-0.0030565128613989677
2022-02-11,-0.0199616087837647,0.0,5.019053711544591e-05,0.0089551226925568,0.013880938617387093,-0.0008007215062654827
2022-02-18,0.0045916774671728,0.0,5.019053711544591e-05,-0.0199616087837647,-0.020843798964021876,-0.00101231382949761
2022-02-25,0.2333012112512076,0.0,5.019053711544591e-05,0.0045916774671728,0.02907416751347892,0.008784559050238894
2022-03-04,-0.0574175819118929,0.0,5.019053711544591e-05,0.2333012112512076,0.009693472585746937,-0.013540068706669049
2022-03-11,-0.0431842799744805,0.0,5.019053711544591e-05,-0.0574175819118929,-0.041046380707657114,-0.002480676011217048
2022-03-18,0.1043092420865472,0.0,5.019053711544591e-05,-0.0431842799744805,0.01363002471084285,0.010095420903550789
2022-03-25,-0.1569658837778451,0.0,5.019053711544591e-05,0.1043092420865472,0.0635432966169612,0.008088212134253567
2022-04-01,-0.0098144158048978,0.0,5.019053711544591e-05,-0.1569658837778451,0.01714108177089364,-0.023477423336613915
2022-04-08,0.0827998434066921,0.0,5.019053711544591e-05,-0.0098144158048978,-0.047507513234017314,-0.03136812435870944
2022-04-15,-0.0379635478949899,0.0,5.019053711544591e-05,0.0827998434066921,0.02078626346484363,0.0014793902386552337
2022-04-22,0.0166791044194067,0.0,5.019053711544591e-05,-0.0379635478949899,-0.02532504156305537,-0.018067589533434413
2022-04-29,0.0478837213032255,0.0,5.019053711544591e-05,0.0166791044194067,-0.028797554369087198,0.00991327968329286
2022-05-06,0.0072648339858132,0.0,5.019053711544591e-05,0.0478837213032255,-0.011192226384618352,0.004169043832088905
2022-05-13,0.0189116100043892,0.0,5.019053711544591e-05,0.0072648339858132,-0.03015126799524039,0.001094240624278305
2022-05-20,0.0204761317111643,0.0,5.019053711544591e-05,0.0189116100043892,-0.012146420679915589,-0.0014244593733223627
2022-05-27,0.0342871187176652,0.0,5.019053711544591e-05,0.0204761317111643,0.06014845921830359,0.020657310223016635
2022-06-03,0.0146852868558613,0.0,5.019053711544591e-05,0.0342871187176652,-0.0036888181097289425,0.007531335079627113
2022-06-10,-0.0970843029494186,0.0,5.019053711544591e-05,0.0146852868558613,-0.013842366288771517,-0.006776876300390014
2022-06-17,-0.0044824664542259,0.0,5.019053711544591e-05,-0.0970843029494186,-0.031365847658330163,0.010020430498798366
2022-06-24,0.0112140483188052,0.0,5.019053711544591e-05,-0.0044824664542259,0.030043135106135748,0.006666764286093525
2022-07-01,-0.0324332831874166,0.0,5.019053711544591e-05,0.0112140483188052,-0.008544118771043111,0.008720396467761217
2022-07-08,-0.0697088851284919,0.0,5.019053711544591e-05,-0.0324332831874166,-0.017743330077155596,0.006385927361281827
2022-07-15,-0.0190578499872965,0.0,5.019053711544591e-05,-0.0697088851284919,0.02466698715071999,-0.003565165802384805
2022-07-22,0.0361812151093341,0.0,5.019053711544591e-05,-0.0190578499872965,0.007743237900266439,-0.010050971253410874
2022-07-29,-0.0988996762346642,0.0,5.019053711544591e-05,0.0361812151093341,0.032898563195370156,0.0036420446177744025
2022-08-05,0.0331166736185139,0.0,5.019053711544591e-05,-0.0988996762346642,-0.013130268661041061,-0.008487696604118314
2022-08-12,-0.013906067729337,0.0,5.019053711544591e-05,0.0331166736185139,0.03512172001853555,0.01302778197052451
2022-08-19,0.0008547922306991,0.0,5.019053711544591e-05,-0.013906067729337,-0.04004117651075649,0.010593025105578352
2022-08-26,-0.0701149362035392,0.0,5.019053711544591e-05,0.0008547922306991,0.001224233118879945,0.003630298905075774
2022-09-02,-0.0002291475720385,0.0,5.019053711544591e-05,-0.0701149362035392,-0.05787043185255513,-0.012098045514699285
2022-09-09,-0.0196720067452565,0.0,5.019053711544591e-05,-0.0002291475720385,0.02624552313355968,0.0015929441330926853
2022-09-16,-0.0790012183471277,0.0,5.019053711544591e-05,-0.0196720067452565,-0.0059869890029283345,-0.007267694678942259
2022-09-23,0.0105674653035357,0.0,5.019053711544591e-05,-0.0790012183471277,-0.02601837969662068,-0.003049269380923241
2022-09-30,0.1524508968112475,0.0,5.019053711544591e-05,0.0105674653035357,-0.0002826208908836164,-0.0002659979444802246
2022-10-07,-0.077842486763934,0.0,5.019053711544591e-05,0.1524508968112475,0.017527949848771457,0.01108030494754597
2022-10-14,-0.0073439742557583,0.0,5.019053711544591e-05,-0.077842486763934,-0.04088872762113569,-0.014950189396035804
2022-10-21,0.0274653774551794,0.0,5.019053711544591e-05,-0.0073439742557583,-0.0026234763220305975,-0.006599495051902679
2022-10-28,0.0524423209700182,0.0,5.019053711544591e-05,0.0274653774551794,0.06669649011088005,0.019783478183807723
2022-11-04,-0.0378649680847146,0.0,5.019053711544591e-05,0.0524423209700182,-0.023316698874738622,0.001010605291835233
2022-11-11,-0.1073069154338674,0.0,5.019053711544591e-05,-0.0378649680847146,0.017921750000854667,0.0166765418165214
2022-11-18,-0.046264319709471,0.0,5.019053711544591e-05,-0.1073069154338674,0.015297076784516845,0.023636913060983197
2022-11-25,0.0436381692600038,0.0,5.019053711544591e-05,-0.046264319709471,0.021741995872717315,0.012231609786954175
2022-12-02,-0.1168912470919656,0.0,5.019053711544591e-05,0.0436381692600038,0.014785375245863925,0.0020771677228795184
2022-12-09,0.0432455156583249,0.0,5.019053711544591e-05,-0.1168912470919656,-0.04462790427877885,-0.02464793018553365
2022-12-16,0.0700077671880088,0.0,5.019053711544591e-05,0.0432455156583249,-0.008212082807623068,0.0075259353985021715
2022-12-23,0.0073874999471112,0.0,5.019053711544591e-05,0.0700077671880088,-0.009831311580509958,0.019866865660259334
2022-12-30,-0.0830724924403438,0.0,5.019053711544591e-05,0.0073874999471112,-0.03480544009035323,-0.007109052431588397
2023-01-06,0.0798237078760182,0.0,5.019053711544591e-05,-0.0830724924403438,6.25916891319952e-05,0.001592795387511194
2023-01-13,0.0170010919928844,0.0,5.019053711544591e-05,0.0798237078760182,0.059462080814872725,0.023177251047058877
2023-01-20,-0.0191310182507093,0.0,5.019053711544591e-05,0.0170010919928844,0.013289724870091437,0.008719407812963518
2023-01-27,-0.0827219908939341,0.0,5.019053711544591e-05,-0.0191310182507093,-0.015653223598019926,0.008132928683353254
2023-02-03,0.0828474063327388,0.0,5.019053711544591e-05,-0.0827219908939341,0.023621844844710378,0.022595159398669483
2023-02-10,-0.0439673506516671,0.0,5.019053711544591e-05,0.0828474063327388,0.0309886505809773,0.011817114764989147
2023-02-17,-0.0015737708166236,0.0,5.019053711544591e-05,-0.0439673506516671,-0.005530631680715773,0.006790224615226003
2023-02-24,0.044035097087253,0.0,5.019053711544591e-05,-0.0015737708166236,-0.02554487649785514,0.007349555521550525
2023-03-03,-0.0393211954684785,0.0,5.019053711544591e-05,0.044035097087253,0.041935560605557996,0.010045878132108338
2023-03-10,-0.1390894056786046,0.0,5.019053711544591e-05,-0.0393211954684785,-0.04020056838062719,-0.017057518730795463
2023-03-17,0.0384351217821101,0.0,5.019053711544591e-05,-0.1390894056786046,-0.08090191264613171,-0.04857833597572335
2023-03-24,0.0892240865364248,0.0,5.019053711544591e-05,0.0384351217821101,0.02904118870124148,-0.002911958230530419
2023-03-31,0.0642246505322801,0.0,5.019053711544591e-05,0.0892240865364248,0.06244208207902654,0.025507725983655097
2023-04-07,0.0230289451820409,0.0,5.019053711544591e-05,0.0642246505322801,-0.019988827032533737,-0.01194751067345263
2023-04-14,-0.0588551782756344,0.0,5.019053711544591e-05,0.0230289451820409,-0.016256890613601603,0.005533841428282489
2023-04-21,-0.013968152609658,0.0,5.019053711544591e-05,-0.0588551782756344,-0.0025115912041714867,0.01528856033621001
2023-04-28,-0.0737673965777121,0.0,5.019053711544591e-05,-0.013968152609658,0.009479050095714035,-0.0015993092452799812
2023-05-05,-0.01839587746842,0.0,5.019053711544591e-05,-0.0737673965777121,-0.009899690969703829,-0.0013512786264146346
2023-05-12,0.0218950762239865,0.0,5.019053711544591e-05,-0.01839587746842,0.0009747612697735708,0.007790202361292489
2023-05-19,0.0108394613269867,0.0,5.019053711544591e-05,0.0218950762239865,0.023542764817205627,0.010856941773434232
2023-05-26,-0.008188235326952,0.0,5.019053711544591e-05,0.0108394613269867,0.004292086383162234,0.008987916135226941
2023-06-02,-0.0225488696866132,0.0,5.019053711544591e-05,-0.008188235326952,-0.015663373231129717,-0.0009435462000820396
2023-06-09,0.0232453940582985,0.0,5.019053711544591e-05,-0.0225488696866132,0.011791129490386241,-0.0005232894340870383
2023-06-16,-0.0412224367531097,0.0,5.019053711544591e-05,0.0232453940582985,0.04031465288492666,0.007516169133799678
2023-06-23,0.0250783365618825,0.0,5.019053711544591e-05,-0.0412224367531097,-0.019495537820535917,-0.017509556303582325
2023-06-30,0.0449684948657962,0.0,5.019053711544591e-05,0.0250783365618825,0.027706018017772806,-0.0005192529510548988
2023-07-07,0.0204895015284065,0.0,5.019053711544591e-05,0.0449684948657962,-0.0023867461975168864,-0.0011613091444006888
2023-07-14,0.0212467008728094,0.0,5.019053711544591e-05,0.0204895015284065,-0.003393795412007031,0.009891949779431865
2023-07-21,0.0442937704249717,0.0,5.019053711544591e-05,0.0212467008728094,0.003818990973697537,0.0010615079248510694
2023-07-28,0.0270667432543589,0.0,5.019053711544591e-05,0.0442937704249717,0.005750612200367862,0.0037769749141322107
2023-08-04,0.0049418530032537,0.0,5.019053711544591e-05,0.0270667432543589,-0.024826785232325174,-0.011951685759512411
2023-08-11,-0.0233558846707492,0.0,5.019053711544591e-05,0.0049418530032537,-0.017398371373125186,0.0020898323411825746
2023-08-18,-0.0096463770518054,0.0,5.019053711544591e-05,-0.0233558846707492,-0.009876147898216725,0.002141396371205326
2023-08-25,0.0608658225587481,0.0,5.019053711544591e-05,-0.0096463770518054,0.018663533024304013,-0.0005188659864247308
2023-09-01,0.02300280583095,0.0,5.019053711544591e-05,0.0608658225587481,0.0037420404770603217,-0.006790892521241901
2023-09-08,0.0372365549663823,0.0,5.019053711544591e-05,0.02300280583095,-0.015498214877158899,-0.0034656153986964244
2023-09-15,-0.009179957183857,0.0,5.019053711544591e-05,0.0372365549663823,-0.011053451217085437,0.002039319320387016
2023-09-22,0.0085191642082706,0.0,5.019053711544591e-05,-0.009179957183857,-0.02335881623792864,0.007628072786820324
2023-09-29,-0.0915385199283631,0.0,5.019053711544591e-05,0.0085191642082706,-0.022659567110628713,-0.010237560174846278
2023-10-06,0.0567894509903214,0.0,5.019053711544591e-05,-0.0915385199283631,-0.025172027067477405,0.006959923862135469
2023-10-13,0.0164040105784797,0.0,5.019053711544591e-05,0.0567894509903214,0.02983291301634512,-0.001310055231511069
2023-10-20,-0.0351714717794445,0.0,5.019053711544591e-05,0.0164040105784797,-0.03222176348129678,-0.0024343399977748053
2023-10-27,-0.0580202175251743,0.0,5.019053711544591e-05,-0.0351714717794445,-0.05148600268927321,0.016157440629006824
2023-11-03,-0.0615950395572713,0.0,5.019053711544591e-05,-0.0580202175251743,0.0502370265888422,0.020128289595097257
2023-11-10,0.0017014597390499,0.0,5.019053711544591e-05,-0.0615950395572713,0.03308689727151989,-0.003940906959468732
2023-11-17,-0.0216796329638666,0.0,5.019053711544591e-05,0.0017014597390499,0.011535755790389079,-0.002144109117864075
2023-11-24,-0.0152160748969761,0.0,5.019053711544591e-05,-0.0216796329638666,-0.008691519933843608,-0.004167237812338416
2023-12-01,-0.0391555863731262,0.0,5.019053711544591e-05,-0.0152160748969761,-0.009800693269929713,0.0023400060948695323
2023-12-08,0.0025366417209448,0.0,5.019053711544591e-05,-0.0391555863731262,0.007766928131880907,-0.006171046891404921
2023-12-15,0.0310403193946492,0.0,5.019053711544591e-05,0.0025366417209448,0.019026561081142878,-0.00433687177470724
2023-12-22,-0.0192870009419786,0.0,5.019053711544591e-05,0.0310403193946492,0.008402827159906165,-0.012550457828751017
2023-12-29,0.0289279202083896,0.0,5.019053711544591e-05,-0.0192870009419786,-0.02282907124426623,-0.004978779806064576
2024-01-05,-0.0144279078236356,0.0,5.019053711544591e-05,0.0289279202083896,-0.017799755816972303,-0.001701362079701411
2024-01-12,0.0102299193983738,0.0,5.019053711544591e-05,-0.0144279078236356,-0.0062252611459940035,-0.002353065142115368
2024-01-19,0.0625943744001338,0.0,5.019053711544591e-05,0.0102299193983738,0.016840498381284354,-0.0007702815651430769
2024-01-26,-0.0758450293098182,0.0,5.019053711544591e-05,0.0625943744001338,0.002884481970926241,0.004863241246594097
2024-02-02,0.060559907368912,0.0,5.019053711544591e-05,-0.0758450293098182,0.01563309851163227,-0.0034071981187663654
2024-02-09,0.0304656791179222,0.0,5.019053711544591e-05,0.060559907368912,0.01220165692035072,0.0047322630077937895
2024-02-16,-0.0260746091668846,0.0,5.019053711544591e-05,0.0304656791179222,0.02418328045523615,0.007791262376671834
2024-02-23,0.041646396875273,0.0,5.019053711544591e-05,-0.0260746091668846,-0.0018789002920171366,0.00823929228602111
2024-03-01,-0.02427242893922,0.0,5.019053711544591e-05,0.041646396875273,-0.0079688139093736,-0.005462670253236063
2024-03-08,0.0370458769934988,0.0,5.019053711544591e-05,-0.02427242893922,0.018888651188892252,-0.006750542895449253
2024-03-15,-0.0103043109973578,0.0,5.019053711544591e-05,0.0370458769934988,-0.013554037643194598,0.011446061861908854
2024-03-22,0.0346575338310649,0.0,5.019053711544591e-05,-0.0103043109973578,0.0017956629960704988,-0.0016500242887975698
2024-03-29,0.0434673728388319,0.0,5.019053711544591e-05,0.0346575338310649,0.003256122349751816,-0.003388460486503022
2024-04-05,-0.0141259885517786,0.0,5.019053711544591e-05,0.0434673728388319,0.0029701414827756844,-0.01353776004839555
2024-04-12,-0.0313682106142904,0.0,5.019053711544591e-05,-0.0141259885517786,-0.013372269799482592,-0.004413461546134806
2024-04-19,0.0187982127046208,0.0,5.019053711544591e-05,-0.0313682106142904,-0.031689927232105515,-0.0011023065561980077
2024-04-26,-0.0694698449737583,0.0,5.019053711544591e-05,0.0187982127046208,0.024078469397492443,0.001913035297567531
2024-05-03,0.0020067735318599,0.0,5.019053711544591e-05,-0.0694698449737583,-0.013393765969552936,-0.0039016365472449026
2024-05-10,0.0229154760035122,0.0,5.019053711544591e-05,0.0020067735318599,0.006416249162315749,-0.013118994315041956
2024-05-17,-0.0397204706343219,0.0,5.019053711544591e-05,0.0229154760035122,0.01166880952963973,-0.006672492199808528
2024-05-24,-0.006519677935599,0.0,5.019053711544591e-05,-0.0397204706343219,-0.014199301881901185,0.006033111631736943
2024-05-31,-0.0186413164996788,0.0,5.019053711544591e-05,-0.006519677935599,-0.014840862224059155,0.00438875168234749
2024-06-07,0.0369414840852897,0.0,5.019053711544591e-05,-0.0186413164996788,0.015941070958894372,-0.0057203280057485425
2024-06-14,0.0285520884894964,0.0,5.019053711544591e-05,0.0369414840852897,0.011670766542910918,0.005230716254812084
2024-06-21,0.0136139212135567,0.0,5.019053711544591e-05,0.0285520884894964,0.011989288872065235,-0.0006451008901564065
2024-06-28,0.019250908369947,0.0,5.019053711544591e-05,0.0136139212135567,-0.021855248690328573,0.004133652153490715
2024-07-05,-0.0113143587742108,0.0,5.019053711544591e-05,0.019250908369947,0.008446039190990191,-0.004768682621338814
2024-07-12,-0.024983108726869,0.0,5.019053711544591e-05,-0.0113143587742108,-0.007251136826697342,-0.00497354640929545
2024-07-19,-0.0356265413487263,0.0,5.019053711544591e-05,-0.024983108726869,-0.011297857705328433,0.0031379108756542096
2024-07-26,-0.0467624428170157,0.0,5.019053711544591e-05,-0.0356265413487263,-0.017477168228847345,-0.005495195988819191
2024-08-02,0.0429373712145776,0.0,5.019053711544591e-05,-0.0467624428170157,-0.015846595196395676,-0.013628928566710108
2024-08-09,-0.0029424955664344,0.0,5.019053711544591e-05,0.0429373712145776,0.007979844598090435,-0.0015746122536696421
2024-08-16,-0.0289875368732522,0.0,5.019053711544591e-05,-0.0029424955664344,0.01593609595076387,-0.0068357864207669525
2024-08-23,-0.017294564354801,0.0,5.019053711544591e-05,-0.0289875368732522,-0.007601695660418547,0.0023632653379517515
2024-08-30,-0.0830665986986134,0.0,5.019053711544591e-05,-0.017294564354801,-0.00268514515949381,0.005022685872085963
2024-09-06,0.0146199318219845,0.0,5.019053711544591e-05,-0.0830665986986134,-0.03230684600561552,-0.016578903211622677
2024-09-13,0.0439955710124647,0.0,5.019053711544591e-05,0.0146199318219845,0.011176642651514438,-0.007731933458218081
2024-09-20,-0.0565761721932235,0.0,5.019053711544591e-05,0.0439955710124647,0.011673620620527141,0.00461263891145269
2024-09-27,0.0865140667002194,0.0,5.019053711544591e-05,-0.0565761721932235,-0.031228012122639173,-0.0017448424239641974
2024-10-04,0.0156253179030808,0.0,5.019053711544591e-05,0.0865140667002194,0.02793665651418775,0.012075279135532508
2024-10-11,-0.0868322265206721,0.0,5.019053711544591e-05,0.0156253179030808,-0.01139057994214405,0.0031637633317906757
2024-10-18,0.0315964224621009,0.0,5.019053711544591e-05,-0.0868322265206721,-0.03317032076065521,7.81963824410212e-05
2024-10-25,-0.031166592238419,0.0,5.019053711544591e-05,0.0315964224621009,0.029593267431853486,-0.000357955288378346
2024-11-01,0.0125268542005524,0.0,5.019053711544591e-05,-0.031166592238419,0.015875325731951873,0.015012670769573536
2024-11-08,-0.0486982176256731,0.0,5.019053711544591e-05,0.0125268542005524,0.005683623247641133,0.013877205818029785
2024-11-15,0.0626058661094857,0.0,5.019053711544591e-05,-0.0486982176256731,0.0008957934260681105,-0.001282418152223601
2024-11-22,-0.048887825188114,0.0,5.019053711544591e-05,0.0626058661094857,0.009900571039040814,0.00381886266149114
2024-11-29,0.0046770035562131,0.0,5.019053711544591e-05,-0.048887825188114,0.005125685496690285,-0.007405377823976148
2024-12-06,0.0422557867960974,0.0,5.019053711544591e-05,0.0046770035562131,-0.010096606659532615,-0.0044852482571103676
2024-12-13,-0.0259129543325645,0.0,5.019053711544591e-05,0.0422557867960974,-0.008081323473411997,0.006336294432461924
2024-12-20,0.0222720036642466,0.0,5.019053711544591e-05,-0.0259129543325645,-0.014042821801066181,-0.009356462288724068
2024-12-27,0.0161428498526586,0.0,5.019053711544591e-05,0.0222720036642466,-0.01929686732747782,0.007503952948553334
